<?xml version="1.0" encoding="utf-8"?>
<extension version="1.7.0" client="site"  type="module"  method="upgrade">
	<name>redPRODUCTFILTER</name>
	<author>Redweb.dk</author>
	<creationDate>01-03-2011</creationDate>
	<copyright>redWEB ApS</copyright>
	<license>GNU/GPL</license>
	<authorEmail>email@redweb.dk</authorEmail>
	<authorUrl>www.redweb.dk</authorUrl>
	<version>1.1</version>
	<description>Productfiltering module for redPRODUCTFINDER</description>
	<files>
		<filename module="mod_redPRODUCTFILTER">mod_redPRODUCTFILTER.php</filename>
		<folder>tmpl</folder>
	</files>
	
	<languages>
    	<language tag="en-GB">language/en-GB/en-GB.mod_redPRODUCTFILTER.ini</language>
    	<language tag="da-DK">language/da-DK/da-DK.mod_redPRODUCTFILTER.ini</language>		
  	</languages>
	
	<config >
 	 <fields name="params" >
	   <fieldset name="basic">		 	  
		  <field name="moduleclass_sfx" type="text" default="" label="MODULE_CLASS_SFX" description="MODULE_CLASS_SFX" />
		  <field name="filtertemplate" type="text" default="" label="ENTER_CATEGORY" description="ENTER_CATEGORY" />			 
	  </fieldset>	
	</fields>
       </config >
</extension>
