<?xml version="1.0" encoding="UTF-8"?>
<!-- ==================================================================  -->
<!-- redSHOP packager                                                    -->
<!-- This PHING build file generates the redSHOP extension package       -->
<!-- To use in your environment do the following steps:                  -->
<!--    Change the following variables in build.properties file          -->
<!--            (copy variables from build.properties.dist )             -->
<!--    - change the version in variable comp.version                    -->
<!--    - change the package folder path in variable package.dir         -->
<!--    - execute this PHING build file                                  -->
<!-- ==================================================================  -->
<project name="com_redproductfinder" default="pack">
    <!-- ============================================  -->
    <!-- Create packages folder                        -->
    <!-- ============================================  -->
    <target name="prepare">
        <if>
            <not>
                <isset property="package.dir" />
            </not>
            <then>
                <fail msg="package.dir not specified, specify package.dir in build.properties file" />
            </then>
        </if>

        <!-- Folder where the redSHOP repository is located  -->
        <property
                name="extpath"
                value="."
                override="true"/>

        <xmlproperty file="${extpath}/${extension}.xml" prefix="extensionDetails" keepRoot="false" />

        <property
                name="version"
                value="${extensionDetails.version}"
                override="true"/>

        <!-- Temp dir to create packages -->
        <property
                name="tmpdir"
                value=".tmp"
                override="true"/>

        <!-- Check if the temp folder exists. If not, create it -->
        <if>
            <available file="${tmpdir}" type="dir"/>
            <then>
                <echo msg="Removing old ${tmpdir}"/>
                <delete dir="${tmpdir}"/>
            </then>
        </if>
        <echo msg="Making directory to store the temporary packages at ${tmpdir}"/>
        <mkdir dir="${tmpdir}"/>
    </target>

    <!-- ============================================  -->
    <!-- Target: build                                 -->
    <!-- ============================================  -->
    <!-- Copy the source files to the target folder -->

    <target name="build" depends="prepare">

        <echo msg="Copying INSTALLER files to build directory..." />
        <copy todir="${tmpdir}/${extension}">
            <fileset dir="${extpath}/">
                <include name="LICENSE.txt" />
                <include name="redshop.xml" />
                <include name="install.php" />
            </fileset>
        </copy>

        <echo msg="Copying COMPONENT folder to build directory..." />
        <copy todir="${tmpdir}/${extension}/component">
            <fileset dir="${extpath}/component">
                <include name="**" />
                <exclude name=".*" />
            </fileset>
        </copy>

        <echo msg="Copying MEDIA folder to build directory..." />
        <copy todir="${tmpdir}/${extension}/media">
            <fileset dir="${extpath}/media">
                <include name="**" />
                <exclude name=".*" />
            </fileset>
        </copy>

		<echo message="Copying libraries..."/>
		<copy todir="${tmpdir}/${extension}/libraries" overwrite="true">
			<fileset dir="${extpath}/libraries">
				<include name="**"/>
			</fileset>
		</copy>

        <echo msg="Copying main MODULES folder to build directory..." />
        <echo msg="Copying redSHOP Cart module" />
        <copy todir="${tmpdir}/${extension}/modules/site/mod_redshop_cart">
            <fileset dir="${extpath}/modules/site/mod_redshop_cart">
                <include name="**" />
                <exclude name=".*" />
            </fileset>
        </copy>

        <echo msg="Copying main PLUGINS folder to build directory..." />
        <echo msg="Copying rs_payment_banktransfer plugin" />
        <copy todir="${tmpdir}/${extension}/plugins/redshop_payment/rs_payment_banktransfer">
            <fileset dir="${extpath}/plugins/redshop_payment/rs_payment_banktransfer">
                <include name="**" />
                <exclude name=".*" />
            </fileset>
        </copy>
        <echo msg="Copying rs_payment_paypal plugin" />
        <copy todir="${tmpdir}/${extension}/plugins/redshop_payment/rs_payment_paypal">
            <fileset dir="${extpath}/plugins/redshop_payment/rs_payment_paypal">
                <include name="**" />
                <exclude name=".*" />
            </fileset>
        </copy>
        <echo msg="Copying default_shipping plugin" />
        <copy todir="${tmpdir}/${extension}/plugins/redshop_shipping/default_shipping">
            <fileset dir="${extpath}/plugins/redshop_shipping/default_shipping">
                <include name="**" />
                <exclude name=".*" />
            </fileset>
        </copy>
    </target>

    <target name="compress">
        <echo msg="Creating ZIP archive..."/>

        <!-- Extension ZIP packaging -->
        <if>
            <available file="${package.dir}/${extension}-v${version}_j${joomla.version}.zip" property="test_zip_exists" value="Yes"/>
            <then>
                <echo msg="Removing old ZIP"/>
                <delete file="${package.dir}/${extension}-v${version}_j${joomla.version}.zip" />
            </then>
        </if>

        <if>
            <available file="${tmpdir}/${extension}-v${version}_j${joomla.version}.zip" property="test_zip_exists" value="Yes"/>
            <then>
                <delete file="${tmpdir}/${extension}-v${version}_j${joomla.version}.zip" />
            </then>
        </if>

        <zip destfile="${tmpdir}/${extension}-v${version}_j${joomla.version}.zip">
            <fileset dir="${tmpdir}/${extension}">
                <include name="**"/>
                <exclude name=".*"/>
            </fileset>
        </zip>

        <copy file="${tmpdir}/${extension}-v${version}_j${joomla.version}.zip" tofile="${package.dir}/${extension}-v${version}_j${joomla.version}.zip" />

        <echo msg="Files copied and compressed in build directory OK!"/>
    </target>

    <target name="clean-tmp">
        <delete dir="${tmpdir}"/>
    </target>

    <target name="compress-clean" depends="compress, clean-tmp">
        <!-- needed for external cleaning and compressing -->
    </target>

    <target name="dist" depends="build, compress-clean">
        <echo msg="Build successful!"/>
    </target>

    <target name="pack">
        <!-- Do initialization stuff -->
        <if>
            <not>
                <available file="build.properties" type="file" />
            </not>
            <then>
                <fail msg="File not found: build.properties" />
            </then>
        </if>

        <property file="build.properties" override="true"/>

        <property
                name="extension"
                value="${comp.name}"
                override="true"/>

        <phingcall target="dist" />
    </target>

    <target name="autopack">
        <property
                name="package.dir"
                value=".dist"
                override="true"/>

        <property
                name="extension"
                value="redshop"
                override="true"/>

        <property
                name="joomla.version"
                value="3"
                override="true"/>

        <phingcall target="dist" />
    </target>

</project>
