<?xml version="1.0" encoding="UTF-8"?>
<!-- ==================================================================  -->
<!-- redSHOP packager                                                    -->
<!-- This PHING build file generates the redSHOP Modules package         -->
<!-- To use in your environment do the following steps:                  -->
<!--    Change the following variables in build.properties file          -->
<!--            (copy variables from build.properties.dist )             -->
<!--    - change the version in variable comp.version                    -->
<!--    - change the package folder path in variable package.dir         -->
<!--    - execute this PHING build file                                  -->
<!-- ==================================================================  -->

<project name="modules packager" basedir="." default="pack">
    <!-- ============================================  -->
    <!-- Create packages folder                        -->
    <!-- ============================================  -->
    <target name="prepare">
        <if>
            <not>
                <isset property="package.dir" />
            </not>
            <then>
                <fail msg="package.dir not specified, specify package.dir in build.properties file" />
            </then>
        </if>

        <!-- Folder where the redSHOP repository is located  -->
        <property
                name="extpath"
                value="."
                override="true"/>

        <xmlproperty file="${extpath}/${extension}.xml" prefix="extensionDetails" keepRoot="false" />

        <property
                name="version"
                value="${extensionDetails.version}"
                override="true"/>

        <!-- Temp dir to create packages -->
        <property
                name="tmpdir"
                value=".tmp"
                override="true"/>

        <!-- Check if the temp folder exists. If not, create it -->
        <if>
            <available file="${tmpdir}" type="dir"/>
            <then>
                <echo msg="Removing old ${tmpdir}"/>
                <delete dir="${tmpdir}"/>
            </then>
        </if>
        <echo msg="Making directory to store the temporary packages at ${tmpdir}"/>
        <mkdir dir="${tmpdir}"/>
    </target>

    <!-- ============================================  -->
    <!-- Target: build                                 -->
    <!-- ============================================  -->
    <!-- Loops through folders creating module packages -->

    <target name="build" depends="prepare">
    	<mkdir dir="${tmpdir}/site" />
    	<mkdir dir="${tmpdir}/admin" />

		<!-- Generate site modules packages -->
		<foreach param="dirname" target="site_modules">
			<fileset dir="${extpath}/modules/site/">
				<type type="dir" />
				<depth max="0" min="0" />
			</fileset>
		</foreach>

		<!-- Generate site modules packages -->
		<foreach param="dirname" target="admin_modules">
			<fileset dir="${extpath}/modules/admin/">
				<type type="dir" />
				<depth max="0" min="0" />
			</fileset>
		</foreach>

		<if>
			<available file="${package.dir}/${extension}-${version}-modules" type="dir" />
			<then>
		        <delete dir="${package.dir}/${extension}-${version}-modules"/>
			</then>
		</if>

        <copy todir="${package.dir}/${extension}-${version}-modules/site">
            <fileset dir="${tmpdir}/site">
                <include name="*.zip" />
            </fileset>
        </copy>

        <copy todir="${package.dir}/${extension}-${version}-modules/admin">
            <fileset dir="${tmpdir}/admin">
                <include name="*.zip" />
            </fileset>
        </copy>
	</target>

	<target name="site_modules" description="Packages the extension for delivery">
		<zip
				destfile="${tmpdir}/site/${dirname}_${version}_${joomla.version}j.zip"
				basedir="${extpath}/modules/site/${dirname}">
			<fileset dir="${extpath}/modules/site/${dirname}">
				<include name="**" />
				<exclude name=".*" />
			</fileset>
		</zip>
	</target>

	<target name="admin_modules" description="Packages the extension for delivery">
		<zip
				destfile="${tmpdir}/admin/${dirname}_${version}_${joomla.version}j.zip"
				basedir="${extpath}/modules/admin/${dirname}">
			<fileset dir="${extpath}/modules/admin/${dirname}">
				<include name="**" />
				<exclude name=".*" />
			</fileset>
		</zip>
	</target>

    <target name="clean-tmp">
        <delete dir="${tmpdir}"/>
    </target>

    <target name="compress-clean" depends="clean-tmp">
        <!-- needed for external cleaning and compressing -->
    </target>

    <target name="dist" depends="build, compress-clean">
        <echo msg="Modules build successful!"/>
    </target>

    <target name="pack">
        <!-- Do initialization stuff -->
        <if>
            <not>
                <available file="build.properties" type="file" />
            </not>
            <then>
                <fail msg="File not found: build.properties" />
            </then>
        </if>

        <property file="build.properties" override="true"/>

        <property
                name="extension"
                value="${comp.name}"
                override="true"/>

        <phingcall target="dist" />
    </target>

    <target name="autopack">
        <property
                name="package.dir"
                value=".dist"
                override="true"/>

        <property
                name="extension"
                value="redshop"
                override="true"/>

        <property
                name="joomla.version"
                value="3"
                override="true"/>

        <phingcall target="dist" />
    </target>
</project>
